代码,名称,最新价,涨跌额,涨跌幅,买入,卖出,昨收,今开,最高,最低,成交量,成交额,Market Cap,市盈率,PB,5日的区间涨跌幅,PEG
sz300611,美力科技,6.54,-0.08,-1.208,6.52,6.54,6.62,6.37,6.82,5.81,12443775.0,77615467.0,1380428407.2,2.35,1.38,-0.22142857142857145,-0.9257575757575759
sz000552,甘肃能化,2.85,0.2,7.547,2.85,2.86,2.65,2.63,2.87,2.61,41000760.0,112156274.0,15252612478.2,3.53,1.09,-0.03389830508474579,4.568235294117646
sz300390,天华新能,19.12,2.21,13.069,19.11,19.12,16.91,16.74,19.25,16.72,23857584.0,435206373.0,16013710843.36,4.35,1.3,-0.028455284552845465,0.7182242990654205
sz000707,双环科技,6.15,0.39,6.771,6.14,6.15,5.76,5.74,6.21,5.51,11519266.0,67788611.0,2854496454.75,4.63,1.49,-0.09158050221565721,4.343755795981453
sz000897,津滨发展,2.02,0.07,3.59,2.02,2.03,1.95,1.89,2.06,1.83,48475795.0,94095524.0,3266889912.68,4.84,1.22,-0.0733944954128441,-10.493036611629577
sz000014,沙河股份,11.06,-0.21,-1.863,11.06,11.07,11.27,10.75,11.32,10.14,26617286.0,279378026.0,2677031237.44,4.88,1.64,-0.1518404907975459,0.8318181818181817
sh600971,恒源煤电,10.62,0.12,1.143,10.61,10.62,10.5,10.43,10.86,10.29,16558514.0,174587946.0,12744051868.08,4.96,1.04,-0.031021897810219124,6.138929336188436
sh600256,广汇能源,6.58,0.32,5.112,6.57,6.58,6.26,6.27,6.66,6.21,82252299.0,528934864.0,43202668814.62,5.28,1.5,-0.06666666666666664,4.237227557411274
sh600348,华阳股份,9.57,0.27,2.903,9.56,9.57,9.3,9.27,9.68,9.05,52238740.0,489640333.0,34523775000.0,5.29,1.24,-0.010341261633919302,5.3629655172413795
sz000937,冀中能源,7.36,0.13,1.798,7.35,7.36,7.23,7.19,7.45,7.12,78929317.0,573355061.0,26006904816.0,5.82,1.2,-0.023872679045092802,9.277532387415174
sz300073,当升科技,30.96,2.75,9.748,30.96,30.97,28.21,28.0,31.0,27.82,11915831.0,354431906.0,15681263963.04,6.29,1.24,-0.026415094339622636,7.212319356857458
sz300861,美畅股份,24.04,2.24,10.275,24.03,24.04,21.8,21.67,24.13,21.34,8153596.0,187735432.0,11539488480.0,6.29,1.85,-0.01029230135858378,6.763472879751118
sh603071,物产环能,13.35,0.54,4.215,13.34,13.35,12.81,12.9,13.63,12.49,4473793.0,58267827.0,7448691800.7,6.45,1.51,-0.053862508858965256,-45.982258064516124
sh601918,新集能源,5.59,0.1,1.821,5.58,5.59,5.49,5.44,5.69,5.3,58086173.0,318876961.0,14481128662.0,6.76,1.09,-0.05574324324324326,-30.184869565217404
sh600499,科达制造,10.89,0.92,9.228,10.88,10.89,9.97,9.96,10.94,9.87,27802474.0,292321058.0,21218293026.81,7.28,1.84,0.005540166204986196,2.2935221238938053
sz300575,中旗股份,5.31,0.11,2.115,5.3,5.31,5.2,5.1,5.49,5.01,12866359.0,66948912.0,2467856484.0,7.47,1.13,-0.11055276381909551,7.809545454545452
sh600481,双良节能,6.73,0.48,7.68,6.73,6.74,6.25,6.15,6.75,6.07,30318480.0,196542062.0,12589550219.230001,7.65,1.88,-0.01895043731778424,3.7587276958882856
sh603613,国联股份,16.28,0.73,4.695,16.27,16.28,15.55,15.5,16.52,14.8,20091783.0,314847078.0,11759586335.640001,7.76,1.75,-0.08022598870056487,8.183272727272728
sh603339,四方科技,8.31,0.34,4.266,8.31,8.33,7.97,7.82,8.56,7.61,6568139.0,52654223.0,2571456164.25,7.81,1.08,-0.1307531380753138,9.762500000000001
sh600483,福能股份,8.36,0.28,3.465,8.36,8.37,8.08,8.02,8.48,8.01,25955921.0,214818005.0,21242291054.16,7.84,1.03,0.008443908323281096,9.538666666666664
sh601975,招商南油,2.94,0.14,5.0,2.93,2.94,2.8,2.78,2.99,2.72,78593070.0,225616759.0,14267184513.119999,8.07,1.64,-0.029702970297029656,2.0175
sz000700,模塑科技,4.54,0.15,3.417,4.54,4.55,4.39,4.31,4.69,4.1,37886084.0,166300055.0,4167789866.06,8.22,1.17,-0.1368821292775665,-2.326825396825397
sh600603,广汇物流,5.97,0.25,4.371,5.96,5.97,5.72,5.69,6.08,5.33,20340852.0,116867589.0,7346384401.469999,8.22,1.19,-0.08715596330275234,-61.06285714285714
sh601900,南方传媒,10.69,0.72,7.222,10.68,10.69,9.97,9.68,10.85,9.3,24458266.0,248744831.0,9576920490.539999,8.27,1.3,-0.05314437555358722,-446.5799999999996
sz300499,高澜股份,7.76,0.14,1.837,7.76,7.77,7.62,7.5,8.14,7.05,21507948.0,162303919.0,2368728856.64,8.3,1.67,-0.2016460905349795,2.4792207792207797
sh603299,苏盐井神,7.53,0.45,6.356,7.52,7.53,7.08,7.03,7.63,6.92,7525806.0,55116844.0,5889129183.570001,8.45,1.1,-0.049242424242424206,6.01362512363996
sh603876,鼎胜新材,8.23,0.32,4.046,8.22,8.23,7.91,7.85,8.34,7.58,18648684.0,148109989.0,7322763184.72,8.62,1.16,-0.10152838427947596,4.31
sh601619,嘉泽新能,3.13,0.21,7.192,3.12,3.13,2.92,2.87,3.17,2.84,32563610.0,98461433.0,7619501042.53,8.78,1.21,-0.018808777429467103,-23.638461538461538
sz300839,博汇股份,7.22,0.38,5.556,7.2,7.22,6.84,6.81,7.33,6.51,5464656.0,37915849.0,1772287414.62,8.86,1.68,-0.11193111931119323,2.1828985507246377
sh600373,中文传媒,14.05,0.9,6.844,14.05,14.06,13.15,13.0,14.29,12.38,27263952.0,364605132.0,19038645251.95,9.03,1.07,-0.051316677920324086,-151.5033333333332
sh601827,三峰环境,7.11,0.21,3.043,7.11,7.12,6.9,6.79,7.2,6.69,14094266.0,97324458.0,11932485480.0,9.16,1.16,-0.05326231691078555,-112.97333333333344
sh603307,扬州金泉,33.93,1.93,6.031,33.92,33.93,32.0,32.02,34.6,30.81,518200.0,16993277.0,2273310000.0,9.32,1.74,-0.07472047995636766,6.812072727272727
sh603165,荣晟环保,9.11,0.38,4.353,9.11,9.12,8.73,8.45,9.29,8.28,7423441.0,64727386.0,2536508924.3599997,9.53,1.22,-0.10773751224289925,-22.304255319148933
sz300363,博腾股份,16.92,1.33,8.531,16.92,16.93,15.59,15.2,16.96,15.2,14721886.0,238047053.0,9238959914.400002,9.68,1.55,-0.046223224351747284,3.4394139194139184
sh600163,中闽能源,3.63,0.23,6.765,3.63,3.64,3.4,3.35,3.73,3.33,18374361.0,64749205.0,6907875999.09,9.76,1.16,-0.09250000000000003,-677.4485714285721
sh603161,科华控股,11.26,0.17,1.533,11.25,11.26,11.09,10.68,11.6,10.0,4390932.0,46968362.0,1502084000.0,9.79,1.11,-0.15018867924528304,-6.852999999999999
sz300118,东方日升,13.98,1.28,10.079,13.98,13.99,12.7,12.52,14.01,12.52,35738458.0,477786558.0,15937393804.74,9.8,1.04,-0.04897959183673462,-0.4414414414414415
sh603799,华友钴业,24.04,1.54,6.844,24.03,24.04,22.5,22.47,24.08,22.38,38759819.0,907692604.0,41110480229.28,9.83,1.28,-0.035313001605136535,-2447.6699999999437
sz000923,河钢资源,14.72,0.73,5.218,14.72,14.73,13.99,13.68,14.8,13.59,12974784.0,184604252.0,9608170305.92,9.93,1.06,-0.05093488072211471,-20.348896083872955
sh603180,金牌厨柜,18.93,0.94,5.225,18.93,18.95,17.99,18.25,19.31,17.12,2704679.0,49020442.0,2920085199.3,9.96,1.11,-0.06426099851705391,-45.11294117647059
sh600729,重庆百货,29.29,0.25,0.861,29.29,29.3,29.04,30.36,30.36,26.2,4308167.0,123813034.0,11907218739.85,10.08,1.98,-0.006107906345436028,-159.93600000000006
sh600829,人民同泰,5.49,0.06,1.105,5.48,5.49,5.43,5.11,5.65,4.96,13797384.0,72566779.0,3183588397.53,10.09,1.18,-0.16565349544072946,-201.88443514644325
sz000928,中钢国际,5.61,0.08,1.447,5.61,5.62,5.53,5.18,5.77,5.03,88682018.0,477646624.0,8048356323.81,10.1,1.2,-0.17378497790868921,-245.94218009478666
sh600475,华光环能,9.11,0.83,10.024,9.11,0.0,8.28,8.3,9.11,7.99,15644032.0,134911355.0,8596771004.98,10.46,1.08,-0.08991008991008995,-251.90395280235958
sh603326,我乐家居,5.98,-0.51,-7.858,5.98,5.99,6.49,6.0,6.3,5.84,12960063.0,77297899.0,1933669956.4,10.47,1.71,-0.2352941176470588,-5.510526315789474
sh601001,晋控煤业,11.57,0.04,0.347,11.57,11.58,11.53,11.31,11.82,11.16,18908043.0,216378853.0,19364709000.0,10.57,1.2,-0.051639344262295,-30.60895833333334
sz300507,苏奥传感,4.19,0.2,5.013,4.19,4.2,3.99,3.94,4.33,3.69,31229382.0,124401919.0,3316506120.3300004,10.58,1.75,-0.150101419878296,7.0533333333333355
sz000887,中鼎股份,9.68,0.88,10.0,9.68,0.0,8.8,8.73,9.68,8.66,23046081.0,214732109.0,12743620750.96,10.63,1.08,-0.028112449799196897,-207.28499999999983
sh603508,思维列控,11.7,0.59,5.311,11.69,11.7,11.11,11.09,11.86,10.6,6747017.0,75295801.0,4460910210.9,10.68,1.02,-0.10344827586206908,-99.03272727272727
sh603319,湘油泵,11.98,0.37,3.187,11.97,11.98,11.61,11.02,12.2,10.8,7158209.0,82487908.0,2492636214.76,10.7,1.5,-0.13626532083633733,-98.43999999999991
sh600522,中天科技,11.53,0.84,7.858,11.52,11.53,10.69,10.66,11.59,10.42,59163490.0,659938519.0,39351309487.56,10.72,1.2,-0.002595155709342659,0.7292517006802722
sh601028,玉龙股份,7.53,0.42,5.907,7.53,7.54,7.11,7.05,7.63,6.85,18386385.0,133363293.0,5896183972.8,10.76,1.91,-0.09057971014492744,-53.661607717041804
sh601686,友发集团,5.23,0.21,4.183,5.22,5.23,5.02,4.91,5.28,4.87,6308775.0,32027829.0,7477334399.500001,10.83,1.19,-0.09201388888888878,-21.167727272727273
sh600863,内蒙华电,4.07,0.11,2.778,4.06,4.07,3.96,3.94,4.09,3.93,116456730.0,466604434.0,26564433390.77,10.84,1.68,0.004938271604938386,3.4231578947368417
sh600846,同济科技,8.09,0.2,2.535,8.08,8.09,7.89,7.8,8.28,7.46,9591347.0,75091637.0,5054320664.44,10.97,1.32,-0.04373522458628853,-28.03444444444445
sh601636,旗滨集团,5.84,0.42,7.749,5.83,5.84,5.42,5.4,5.88,5.32,45158915.0,253796531.0,15671651335.44,11.09,1.23,-0.003412969283276529,-15.957744320712692
sz000650,仁和药业,5.69,0.43,8.175,5.68,5.69,5.26,5.22,5.74,5.17,38270208.0,209886313.0,7965648551.460001,11.18,1.33,-0.006980802792321122,-76.66285714285713
sh600537,亿晶光电,3.83,0.27,7.584,3.83,3.84,3.56,3.52,3.89,3.42,36316784.0,132976616.0,4581024768.940001,11.18,1.64,-0.06812652068126526,-9.196451612903227
sz000065,北方国际,9.4,0.14,1.512,9.4,9.41,9.26,8.9,9.74,8.51,22450379.0,204034897.0,9418740902.2,11.21,1.16,-0.13443830570902388,-136.38833333333346
sz000026,飞亚达,8.54,0.37,4.529,8.53,8.54,8.17,8.0,8.73,7.8,9546739.0,78506739.0,3545978543.7999997,11.22,1.08,-0.10199789695057841,-38.432115238817296
sh603515,欧普照明,14.83,0.66,4.658,14.74,14.83,14.17,13.93,14.96,13.43,4329431.0,61701670.0,11069498099.05,11.29,1.74,-0.05960684844641722,-84.67500000000003
sh603365,水星家纺,15.8,0.84,5.615,15.79,15.8,14.96,14.65,16.04,14.15,5503871.0,83790194.0,4151189300.0,11.3,1.47,-0.008160703075957251,-40.23902439024391
sh600618,氯碱化工,7.06,0.28,4.13,7.05,7.06,6.78,6.71,7.18,6.52,8274464.0,56517769.0,8164183830.559999,11.59,1.05,-0.11970074812967581,-51.17302305475504
sz000034,神州数码,22.33,1.7,8.24,22.32,22.33,20.63,20.25,22.59,20.15,27707942.0,599719661.0,14951754448.4,11.77,1.82,-0.026166593981683448,3.850149228421231
sz300434,金石亚药,8.12,0.78,10.627,8.12,8.13,7.34,7.18,8.32,6.89,6957480.0,52941139.0,3262160240.64,11.77,1.35,-0.04806565064478314,5.407837837837838
sz000543,皖能电力,6.95,0.21,3.116,6.95,6.96,6.74,6.69,7.1,6.61,37910354.0,261255787.0,15754700150.45,11.79,1.12,-0.02387640449438201,-8.918076923076923
sh603579,荣泰健康,16.75,0.6,3.715,16.72,16.75,16.15,15.5,17.47,15.47,2861212.0,46723538.0,2327820714.25,11.79,1.19,-0.07815079801871225,-39.67788461538461
sh600479,千金药业,9.22,0.42,4.773,9.21,9.22,8.8,8.75,9.4,8.67,10626218.0,95797208.0,3954615818.7400002,11.83,1.74,-0.039583333333333234,-683.1115200000024
sh603393,新天然气,26.46,1.86,7.561,26.46,26.47,24.6,24.5,27.05,23.88,5946704.0,152411941.0,11216958312.42,11.88,1.61,-0.01999999999999997,-63.67680000000001
sh600167,联美控股,5.42,0.39,7.753,5.4,5.42,5.03,4.95,5.5,4.8,10614032.0,54618648.0,12401607554.5,11.92,1.15,-0.035587188612099675,-124.68698412698419
sh603811,诚意药业,6.5,0.2,3.175,6.49,6.5,6.3,6.18,6.74,5.78,10651247.0,65958419.0,2127478080.0,11.92,1.86,-0.12751677852348994,-217.5399999999998
sh600113,浙江东日,5.57,-0.14,-2.452,5.55,5.57,5.71,5.55,5.88,5.14,19264808.0,104349475.0,2347931346.2000003,11.98,1.05,-0.1808823529411764,-15.8735
sh603506,南都物业,7.1,-0.39,-5.207,7.1,7.11,7.49,7.03,7.35,6.74,9010351.0,61960415.0,1333222230.8999999,12.0,1.23,-0.1986455981941309,-104.40000000000002
sh603759,海天股份,5.89,-0.04,-0.675,5.89,5.9,5.93,5.54,6.09,5.46,5973620.0,34359005.0,2719766400.0,12.09,1.09,-0.1727528089887641,-32.68777777777778
sh603102,百合股份,31.3,1.09,3.608,31.22,31.3,30.21,29.62,32.22,29.03,814944.0,24862538.0,2003200000.0,12.09,1.32,-0.07778432527990563,-42.315000000000005
sh600580,卧龙电驱,9.54,0.85,9.781,9.54,9.55,8.69,8.68,9.56,8.52,23039460.0,211642626.0,12509230802.039999,12.12,1.27,0.002100840336134409,-63.86340041637751
sh601139,深圳燃气,6.37,0.31,5.116,6.37,6.38,6.06,5.96,6.39,5.92,17957899.0,110970536.0,18324773246.78,12.22,1.32,0.0015723270440251237,-114.86800000000002
sz000521,长虹美菱,7.33,0.39,5.62,7.32,7.33,6.94,6.79,7.63,6.53,40669997.0,288178209.0,7549340830.95,12.3,1.35,-0.008119079837618351,3.2707865168539323
sh600548,深高速,8.78,0.07,0.804,8.78,8.79,8.71,8.66,8.86,8.6,8218851.0,71719906.0,19147163462.28,12.33,1.1,-0.039387308533916976,-49.90287272727272
sh601065,江盐集团,8.99,0.57,6.77,8.98,8.99,8.42,8.4,9.15,8.1,8048051.0,69789138.0,5778556950.21,12.44,1.45,-0.08452138492871691,9.64734693877551
sh600587,新华医疗,19.09,1.36,7.671,19.08,19.09,17.73,17.48,19.48,17.12,13602121.0,251123344.0,8908959170.01,12.51,1.23,-0.044544544544544575,-122.4192857142856
sh603112,华翔股份,8.57,0.12,1.42,8.57,8.58,8.45,8.17,8.92,7.82,5290932.0,43688014.0,3746525089.35,12.53,1.51,-0.15399802566633763,-60.30062499999998
sz000597,东北制药,4.07,0.17,4.359,4.07,4.08,3.9,3.84,4.17,3.8,26671752.0,105805902.0,5816450288.55,12.62,1.2,-0.08333333333333336,4.907777777777778
sh603080,新疆火炬,11.42,-0.12,-1.04,11.42,11.43,11.54,11.11,11.89,10.39,7339750.0,80857046.0,1615930000.0,12.63,1.15,-0.1877667140825036,-227.34000000000043
sh603587,地素时尚,12.1,0.85,7.556,12.09,12.1,11.25,11.04,12.27,10.98,3940897.0,46098717.0,5776374012.2,12.7,1.58,-0.015459723352318919,-28.575
sh600681,百川能源,3.56,0.14,4.094,3.55,3.56,3.42,3.4,3.61,3.32,9363072.0,32573802.0,4773443123.6,12.8,1.35,-0.04043126684636116,-49.91999999999999
sh600267,海正药业,7.19,0.58,8.775,7.18,7.19,6.61,6.6,7.24,6.46,18271293.0,126599106.0,8684612018.04,12.98,1.05,-0.06744487678339812,-558.1399999999995
sh603989,艾华集团,15.1,1.2,8.633,15.09,15.1,13.9,13.85,15.22,13.38,6221593.0,89435302.0,6052446582.7,12.99,1.75,-0.06327543424317626,-140.36544169611312
sz000779,甘咨询,7.2,0.04,0.559,7.2,7.21,7.16,6.81,7.44,6.5,7049342.0,48762721.0,3374447284.8,12.99,1.2,-0.17714285714285713,-41.46643405188162
sz300259,新天科技,2.55,0.1,4.082,2.55,2.56,2.45,2.4,2.63,2.32,18207354.0,44795113.0,2982993865.7999997,13.1,1.06,-0.15562913907284776,-32.306629448709
sh603700,宁水集团,9.08,-0.19,-2.05,9.08,9.09,9.27,9.26,9.49,8.36,5730140.0,50925218.0,1845437360.0,13.11,1.18,-0.1878354203935599,-28.693584905660376
sh603538,美诺华,11.52,0.46,4.159,11.52,11.54,11.06,10.99,11.8,9.96,9224170.0,99793068.0,2457804787.2,13.16,1.19,-0.10973724884080371,9.62236559139785
sh603093,南华期货,9.28,0.36,4.036,9.28,9.29,8.92,8.65,9.53,8.34,18893108.0,169421649.0,5661411487.04,13.19,1.56,-0.13754646840148704,-1240.166744186055
sz300936,中英科技,25.16,0.76,3.115,25.15,25.18,24.4,23.55,26.17,21.86,2942748.0,70626506.0,1892032000.0,13.19,1.85,-0.17345597897503287,-37.882154538021254
sh600633,浙数文化,9.04,0.46,5.361,9.04,9.05,8.58,8.43,9.23,8.25,28732750.0,252307415.0,11442203927.919998,13.2,1.16,-0.023758099352051906,-270.6000000000005
sz300772,运达股份,7.69,0.53,7.402,7.69,7.7,7.16,7.08,7.74,6.99,12222779.0,90163712.0,5398982549.95,13.24,1.06,-0.0823389021479714,-233.90666666666647
sh600817,宇通重工,7.12,0.39,5.795,7.12,7.13,6.73,6.65,7.26,6.48,3081236.0,21104478.0,3855539857.84,13.3,1.62,-0.10664993726474274,-498.7499999999996
sh603150,万朗磁塑,22.12,0.67,3.124,22.12,22.14,21.45,21.01,22.79,20.0,1283034.0,27126140.0,1891038800.0,13.41,1.38,-0.12981904012588516,-73.59146341463416
sz000737,北方铜业,4.45,0.29,6.971,4.45,4.46,4.16,4.02,4.53,3.98,22487785.0,95344443.0,7887429943.150001,13.41,1.65,-0.11354581673306761,-44.07924916943522
sh603209,兴通股份,12.16,0.04,0.33,12.16,12.17,12.12,11.8,12.3,10.91,9402493.0,108312638.0,3404800000.0,13.46,1.56,-0.006535947712418306,-77.83391304347828
sh600215,派斯林,6.84,0.33,5.069,6.83,6.84,6.51,6.4,7.1,6.05,12598150.0,82728039.0,3180824899.2,13.51,1.6,-0.09042553191489358,-58.30191752577318
sz300193,佳士科技,5.74,0.28,5.128,5.73,5.74,5.46,5.44,5.93,5.11,10043882.0,55152851.0,2830960348.58,13.54,1.27,-0.08012820512820512,-111.028
sh600021,上海电力,7.96,0.38,5.013,7.95,7.96,7.58,7.48,8.03,7.4,31511833.0,243952376.0,22421279414.2,13.61,1.22,0.002518891687657377,-12.402304794075613
sh600956,新天绿能,7.61,0.51,7.183,7.6,7.61,7.1,7.15,7.61,6.99,7938553.0,58294938.0,31863778285.530003,13.93,1.58,0.0,-198.50250000000037
sh603173,福斯达,16.18,0.93,6.098,16.18,16.2,15.25,15.0,16.59,14.77,1883933.0,29576652.0,2588800000.0,14.08,1.84,-0.09961046188091259,-124.84266666666656
sh603586,金麒麟,12.27,0.13,1.071,12.27,12.28,12.14,11.8,12.78,11.02,8356003.0,98886684.0,2405567610.6,14.2,1.08,-0.176510067114094,-3.0016260162601625
sh600783,鲁信创投,9.86,0.9,10.045,9.85,9.86,8.96,8.86,9.86,8.72,6396436.0,60837238.0,7339382638.839999,14.24,1.67,-0.02182539682539689,-322.7733333333331
sz300019,硅宝科技,11.87,0.35,3.038,11.86,11.87,11.52,11.35,12.13,10.95,6780704.0,78118948.0,4641937989.0,14.29,1.99,-0.0791311093871219,-160.85410256410253
sh603706,东方环宇,11.46,0.02,0.175,11.44,11.46,11.44,11.35,11.91,10.51,2997000.0,33249503.0,2170325902.44,14.36,1.4,-0.1671511627906976,-117.75200000000001
sz300347,泰格医药,40.76,2.91,7.688,40.76,40.77,37.85,37.24,40.95,37.24,17934379.0,705540729.0,35559766647.2,14.47,1.69,0.003940886699507305,-48.37949494949494
sz300982,苏文电能,17.8,0.7,4.094,17.79,17.8,17.1,16.79,18.3,16.32,5661902.0,97341158.0,3683979598.8,14.49,1.15,-0.14216867469879516,-66.48352941176474
sh600675,中华企业,2.9,-0.12,-3.974,2.9,2.91,3.02,2.93,3.08,2.73,187067971.0,538994726.0,17678792230.8,14.52,1.17,-0.22666666666666668,-14.980952380952381
sh603903,中持股份,7.15,-0.5,-6.536,7.14,7.15,7.65,7.2,7.57,6.89,12380068.0,87318665.0,1825534282.0,14.56,1.07,-0.252092050209205,-36.855
sz300026,红日药业,3.61,0.39,12.112,3.6,3.61,3.22,3.18,3.64,3.17,64023880.0,220342580.0,10844998961.57,14.59,1.24,0.005571030640668529,-167.78499999999988
sz000011,深物业A,7.89,0.15,1.938,7.89,7.9,7.74,7.71,8.07,7.3,7072172.0,54247934.0,4702275035.88,14.72,1.06,-0.08255813953488372,-30.949236221434685
sh603216,梦天家居,8.35,-0.54,-6.074,8.35,8.36,8.89,8.29,8.72,8.0,4085711.0,33522115.0,1870483500.0,14.72,1.07,-0.22541743970315398,-147.1999999999999
sh603213,镇洋发展,7.1,-0.26,-3.533,7.09,7.1,7.36,6.74,7.38,6.62,8155647.0,56140783.0,3087080000.0,14.76,1.83,-0.19226393629124,-43.29599999999999
sh603073,彩蝶实业,13.68,-0.09,-0.654,13.67,13.68,13.77,13.0,14.22,12.48,1879766.0,24741817.0,1586880000.0,14.8,1.25,-0.16381418092909533,-89.392
sh603167,渤海轮渡,8.61,0.21,2.5,8.61,8.62,8.4,8.25,9.06,7.95,13422500.0,113258129.0,4039334170.83,14.9,1.07,-0.0661605206073754,-80.08749999999999
sz300393,中来股份,8.1,0.69,9.312,8.09,8.1,7.41,7.33,8.19,7.3,21894700.0,171583487.0,8825981599.8,14.9,1.99,-0.05813953488372093,-6.546969696969698
sz300280,紫天科技,27.85,1.26,4.739,27.84,27.85,26.59,26.66,28.5,24.66,13182032.0,353542768.0,4513530970.400001,14.96,1.71,-0.12145110410094631,-34.23438747460261
sh600833,第一医药,8.58,0.07,0.823,8.58,8.6,8.51,8.4,8.9,7.91,4785481.0,40089894.0,1914080857.26,15.01,1.91,-0.162109375,7.862380952380952
sh600814,杭州解百,5.52,0.28,5.344,5.52,5.53,5.24,5.15,5.66,4.94,9690326.0,51083473.0,4058874370.5599995,15.02,1.18,-0.08153078202995012,-45.99875
sz300304,云意电气,4.95,0.34,7.375,4.95,4.96,4.61,4.61,5.06,4.42,15866528.0,76197754.0,4329472544.1,15.02,1.62,-0.02559055118110234,-36.86727272727272
sh600592,龙溪股份,7.5,0.13,1.764,7.5,7.51,7.37,7.06,7.79,6.66,21767520.0,156635053.0,2996651782.5,15.19,1.25,-0.13494809688581313,-14.795454545454545
sh600577,精达股份,3.34,0.23,7.395,3.34,3.35,3.11,3.09,3.39,3.03,31134201.0,100086719.0,6944454359.679999,15.24,1.35,-0.042979942693409844,-47.41333333333332
sh603190,亚通精工,19.98,0.49,2.514,19.98,20.0,19.49,19.45,20.56,18.0,1182000.0,22811463.0,2397600000.0,15.27,1.18,-0.12865242040994326,-94.77931034482758
sh600909,华安证券,4.46,0.27,6.444,4.46,4.47,4.19,4.12,4.5,4.1,57829938.0,249767936.0,20951579807.64,15.37,1.03,-0.004464285714285817,-63.40124999999999
sz300897,山科智能,19.75,0.21,1.075,19.75,19.76,19.54,19.04,20.38,17.58,1649070.0,31203064.0,1343000000.0,15.38,1.41,-0.21564733915806195,-156.16615384615372
sz300951,博硕科技,33.69,1.5,4.66,33.54,33.69,32.19,31.5,34.56,30.04,3010084.0,96560022.0,4077853939.6499996,15.48,1.88,-0.14143730886850164,-88.58
sh603416,信捷电气,23.11,0.95,4.287,23.1,23.11,22.16,21.55,23.58,20.44,4470265.0,97170037.0,3248341600.0,15.75,1.55,-0.09336994899960765,-58.655172413793096
sh603733,仙鹤股份,12.87,1.07,9.068,12.86,12.87,11.8,11.9,12.97,11.53,7267600.0,89762816.0,9085905341.369999,15.86,1.34,-0.026475037821482708,-53.11255813953488
sh601158,重庆水务,5.75,0.23,4.167,5.74,5.75,5.52,5.49,5.8,5.47,23063300.0,129843768.0,27600000000.0,15.88,1.6,-0.01032702237521508,-227.61333333333357
sz300371,汇中股份,7.18,-0.18,-2.446,7.18,7.19,7.36,7.12,7.41,6.49,7855464.0,54351353.0,1444740185.28,15.88,1.36,-0.23126338329764456,-53.38995288147879
sh601033,永兴股份,13.18,0.67,5.356,13.17,13.18,12.51,12.39,13.37,12.1,19334544.0,249959340.0,11862000000.0,15.98,1.53,-0.08914996544574989,-207.73999999999984
sh601949,中国出版,6.55,0.1,1.55,6.55,6.56,6.45,6.06,6.73,5.81,52664913.0,326794871.0,12470990753.699999,16.03,1.43,-0.17088607594936714,-100.27525547445255
sh603507,振江股份,19.65,1.28,6.968,19.35,19.65,18.37,18.02,19.65,17.51,5574827.0,102843722.0,2790907853.1,16.19,1.19,-0.04750363548230734,-32.83605633802817
sz300690,双一科技,11.23,0.45,4.174,11.21,11.23,10.78,10.69,11.51,9.94,6165827.0,65445420.0,1856868360.3700001,16.23,1.33,-0.15309200603318246,-35.62682926829268
sh603711,香飘飘,11.6,0.03,0.259,11.6,11.61,11.57,10.98,12.04,10.42,8102086.0,91032099.0,4764651280.0,16.25,1.55,-0.1642651296829972,-861.2499999999992
sz000935,四川双马,16.22,0.72,4.645,16.19,16.22,15.5,15.18,16.54,15.17,4001201.0,63272233.0,12383002201.259998,16.25,1.73,0.006203473945409297,-96.02272727272728
sh603280,南方路机,16.5,-0.4,-2.367,16.5,16.51,16.9,16.13,17.39,15.21,2991734.0,47724779.0,1788710005.5,16.26,1.46,-0.1590214067278288,-57.51222222222225
sz300219,鸿利智汇,5.23,0.13,2.549,5.23,5.24,5.1,4.95,5.41,4.7,21721136.0,109350203.0,3702544536.38,16.28,1.45,-0.15916398713826357,-47.58769230769231
sh600517,国网英大,4.36,0.38,9.548,4.35,4.36,3.98,3.87,4.38,3.87,28249036.0,117941285.0,24932379843.84,16.3,1.26,-0.018018018018018032,-129.1925925925926
sh603230,内蒙新华,12.54,-1.39,-9.978,0.0,12.54,13.93,12.54,12.94,12.54,21718000.0,274078025.0,4433178420.0,16.35,1.71,-0.14925373134328365,-140.61000000000004
sh603380,易德龙,15.57,0.76,5.132,15.56,15.57,14.81,14.57,15.97,13.64,3402132.0,50323352.0,2504962323.0,16.36,1.89,-0.1082474226804124,-77.43733333333337
sh601108,财通证券,7.39,0.54,7.883,7.38,7.39,6.85,6.8,7.42,6.72,60864334.0,433277031.0,34317230751.82,16.4,1.03,-0.0053835800807537065,-32.8
sh603787,新日股份,7.91,-0.23,-2.826,7.9,7.91,8.14,7.73,8.25,7.35,6846377.0,52486467.0,1820437378.9,16.48,1.17,-0.18954918032786883,1.3453061224489795
sh603331,百达精工,8.4,0.21,2.564,8.4,8.41,8.19,8.0,8.76,7.37,6675137.0,52994056.0,1700736542.4,16.54,1.35,-0.15322580645161285,-61.4342857142857
sz000960,锡业股份,11.74,0.72,6.534,11.73,11.74,11.02,10.8,11.79,10.73,31023307.0,351811938.0,19321714916.48,16.54,1.1,-0.06677265500794911,-31.68068934646374
sh603151,邦基科技,9.39,-0.67,-6.66,9.39,9.4,10.06,9.21,9.84,9.05,3428191.0,31769365.0,1577520000.0,16.66,1.3,-0.22268211920529796,-76.26826740506328
sz300154,瑞凌股份,4.47,0.05,1.131,4.46,4.47,4.42,4.37,4.68,3.99,12707635.0,54209155.0,2031235944.0,16.72,1.19,-0.22125435540069693,-62.102857142857125
sz300463,迈克生物,11.32,1.02,9.903,11.31,11.32,10.3,10.28,11.37,10.1,13365866.0,145356894.0,6933155758.8,16.78,1.09,-0.03577512776831345,-51.99216612960974
sz300501,海顺新材,9.57,-0.05,-0.52,9.57,9.58,9.62,9.32,9.98,8.83,5872639.0,54553846.0,1852099182.45,16.89,1.1,-0.16199649737302974,-98.26909090909093
sh603697,有友食品,6.22,0.05,0.81,6.22,6.23,6.17,5.86,6.45,5.57,7590171.0,45215349.0,2660244849.56,16.95,1.46,-0.13611111111111115,-55.472727272727276
sz300200,高盟新材,5.35,0.08,1.518,5.34,5.35,5.27,5.21,5.55,4.8,12144480.0,62546353.0,2305706652.1,17.04,1.13,-0.07439446366782017,-157.62000000000006
sh603535,嘉诚国际,12.9,-0.04,-0.309,12.87,12.9,12.94,13.02,13.21,11.67,3302496.0,40980610.0,3008904308.4,17.05,1.29,-0.12125340599455037,-172.63124999999988
sh603788,宁波高发,9.57,-0.09,-0.932,9.55,9.57,9.66,9.1,10.07,8.69,10598260.0,97653460.0,2134732700.76,17.12,1.09,-0.17712811693895103,-85.6
sz300994,久祺股份,8.09,-0.1,-1.221,8.05,8.09,8.19,8.01,8.34,7.11,7506055.0,57084770.0,1885681920.0,17.2,1.69,-0.2474418604651163,-53.278048780487794
sh603206,嘉环科技,12.28,0.31,2.59,12.28,12.29,11.97,11.42,12.7,10.82,5658055.0,66245070.0,3747855852.64,17.2,1.76,-0.1228571428571429,-98.89999999999998
sh600456,宝钛股份,23.39,1.89,8.791,23.34,23.39,21.5,21.21,23.58,21.2,7078170.0,159235569.0,11175216637.210001,17.2,1.71,-0.03307151715584955,-1240.1829268292538
sh600897,厦门空港,11.88,0.58,5.133,11.87,11.88,11.3,11.04,11.99,10.96,4881026.0,56113326.0,4953175920.0,17.33,1.22,-0.0075187969924811904,-21.329230769230765
sh603567,珍宝岛,10.17,0.66,6.94,10.16,10.17,9.51,9.46,10.21,9.15,7490860.0,72669702.0,9579769730.64,17.64,1.27,-0.015488867376573102,-36.19403846153846
sz300828,锐新科技,8.35,-0.15,-1.765,8.34,8.36,8.5,7.85,9.0,7.45,7482850.0,60239243.0,1391066580.0,17.69,1.66,-0.26236749116607777,-122.06100000000002
sh603928,兴业股份,7.7,-0.41,-5.055,7.7,7.72,8.11,7.66,8.02,7.3,5143192.0,38508850.0,1552320000.0,17.76,1.03,-0.23913043478260862,-189.43999999999986
sz300133,华策影视,4.36,0.35,8.728,4.35,4.37,4.01,3.97,4.44,3.88,68352696.0,282782924.0,8288681336.360001,17.77,1.18,-0.07036247334754799,-390.9399999999996
sh603511,爱慕股份,11.45,0.09,0.792,11.45,11.46,11.36,11.18,11.85,10.52,2402169.0,26647315.0,4672985450.0,17.78,1.05,-0.12193251533742332,-41.03076923076923
sz300625,三雄极光,9.85,0.3,3.141,9.85,9.86,9.55,9.3,10.19,8.88,6649275.0,62571841.0,2751410350.0,17.9,1.29,-0.17226890756302526,7.458333333333333
sh603267,鸿远电子,30.71,1.18,3.996,30.71,30.73,29.53,29.0,31.03,28.31,7291075.0,217579718.0,7128306928.0,17.93,1.72,-0.08191330343796717,-711.2233333333344
sh600699,均胜电子,14.37,1.06,7.964,14.37,14.38,13.31,13.18,14.53,13.03,23991320.0,333257090.0,20243041172.91,18.0,1.5,-0.0048476454293629005,-16.277227722772277
sz000019,深粮控股,6.15,0.26,4.414,6.14,6.15,5.89,5.85,6.32,5.61,15930443.0,93867515.0,7088091812.1,18.03,1.49,-0.07796101949025482,-944.6704225352119
sz300080,易成新能,3.62,0.2,5.848,3.61,3.63,3.42,3.38,3.7,3.33,17355159.0,60744945.0,7877660922.12,18.22,1.34,-0.08121827411167509,-4.631068804275217
sz000603,盛达资源,7.91,0.52,7.037,7.91,7.92,7.39,7.27,8.05,7.11,17048897.0,130192443.0,5457657526.86,18.32,1.75,-0.07808857808857808,-139.69000000000008
sh600351,亚宝药业,5.56,0.51,10.099,5.56,0.0,5.05,5.29,5.56,5.2,26293012.0,143870534.0,4281200127.8799996,18.37,1.41,-0.027972027972028,-43.338932038834955
sh603836,海程邦达,10.23,-0.13,-1.255,10.23,10.3,10.36,10.0,10.56,9.33,3784654.0,37140736.0,2099556474.51,18.4,1.23,-0.1756647864625302,-38.419200000000004
sh601968,宝钢包装,4.15,-0.14,-3.263,4.15,4.16,4.29,4.02,4.45,3.86,24871701.0,100769722.0,4702112572.1,18.73,1.23,-0.25359712230215814,-468.2499999999996
sh603950,长源东谷,12.59,0.45,3.707,12.58,12.59,12.14,12.25,13.02,11.31,7113752.0,86821194.0,4080806772.0,18.79,1.66,-0.08569353667392882,-31.220307692307685
sh603926,铁流股份,7.36,-0.31,-4.042,7.36,7.37,7.67,7.08,7.76,6.9,5424584.0,38914555.0,1689359428.16,18.81,1.03,-0.19825708061002173,-33.530869565217394
sz300971,博亚精工,14.36,-0.05,-0.347,14.35,14.37,14.41,14.1,15.0,12.53,4097791.0,55751018.0,1206240000.0,19.04,1.27,-0.23126338329764456,-57.11999999999998
sz300438,鹏辉能源,18.68,1.21,6.926,18.67,18.68,17.47,17.11,18.87,17.11,17925421.0,322952288.0,9404209212.32,19.12,1.66,-0.07157057654075552,8.304646464646465
sh603897,长城科技,14.17,0.15,1.07,14.17,14.18,14.02,13.5,14.72,12.88,7365453.0,101320939.0,2925193599.77,19.23,1.1,-0.195800227014756,-29.548536585365852
sh603017,中衡设计,6.48,-0.38,-5.539,6.47,6.48,6.86,6.52,6.84,6.17,9402700.0,59317712.0,1787869441.44,19.23,1.25,-0.2340425531914894,-15.972459016393442
sh601878,浙商证券,9.55,0.48,5.292,9.55,9.56,9.07,9.03,9.63,8.98,35973142.0,336381563.0,37036755077.950005,19.24,1.43,-0.010362694300518097,-74.39466666666667
sh603081,大丰实业,8.59,0.14,1.657,8.58,8.59,8.45,7.87,8.92,7.62,8922461.0,72732977.0,3518700860.66,19.39,1.26,-0.15452755905511814,-68.94222222222221
sz000715,中兴商业,5.36,-0.16,-2.899,5.35,5.36,5.52,5.2,5.6,4.98,33172975.0,171910409.0,2228253518.4,19.52,1.23,-0.16640746500777595,-53.67999999999999
sh600586,金晶科技,5.43,0.45,9.036,5.43,5.44,4.98,4.86,5.48,4.83,26597717.0,139332348.0,7758221100.0,19.58,1.35,-0.030357142857142846,-26.939795519470753
sh603010,万盛股份,8.37,0.18,2.198,8.37,8.43,8.19,8.03,8.54,7.91,5318260.0,43629277.0,4934772823.41,19.71,1.21,-0.04886363636363653,-31.79632075471698
sh600315,上海家化,17.63,1.31,8.027,17.62,17.63,16.32,16.02,17.66,15.92,8289546.0,141276321.0,11921826651.8,19.96,1.57,-0.015083798882681541,-71.70814814814815
sh600857,宁波中百,6.07,-0.46,-7.044,6.07,6.08,6.53,6.01,6.38,5.88,6572805.0,39473546.0,1361621908.3300002,19.97,1.55,-0.2187902187902187,2.203586206896551
sh603115,海星股份,9.83,0.44,4.686,9.83,9.84,9.39,9.29,10.03,8.83,5420800.0,50596680.0,2351336000.0,19.99,1.22,-0.09233610341643582,-209.8949999999998
sz300741,华宝股份,16.68,1.73,11.572,16.68,16.7,14.95,14.84,17.01,14.78,4751005.0,75882954.0,10272878400.0,20.06,1.41,-0.08099173553719002,-72.66177777777777
sh603726,朗迪集团,9.45,-0.51,-5.12,9.45,9.46,9.96,9.3,9.91,8.96,6556188.0,60209064.0,1754403839.9999998,20.07,1.48,-0.20986622073578606,-52.851
sh603399,吉翔股份,5.64,-0.16,-2.759,5.64,5.65,5.8,5.39,5.9,5.22,19225113.0,105391159.0,2925189660.3599997,20.09,1.46,-0.17784256559766773,0.8734782608695654
sh601969,海南矿业,5.32,0.41,8.35,5.31,5.32,4.91,4.92,5.36,4.81,19708291.0,100011359.0,10839621343.880001,20.11,1.63,-0.055062166962699756,-63.202857142857134
sz000966,长源电力,4.07,0.36,9.704,4.06,4.07,3.71,3.67,4.08,3.61,39431407.0,154184467.0,11189763734.93,20.19,1.09,-0.06436781609195388,-3.6608241758241764
sz300586,美联新材,4.97,0.19,3.975,4.96,4.97,4.78,4.37,5.12,4.37,17458430.0,81845953.0,3534746725.6499996,20.27,1.85,-0.15187713310580214,5.503379600420609
sz300129,泰胜风能,8.19,0.72,9.639,8.18,8.19,7.47,7.39,8.25,6.93,28692911.0,225288669.0,7656824710.08,20.27,1.81,0.006142506142506011,-213.07207602339176
sz300246,宝莱特,5.8,-0.08,-1.361,5.8,5.81,5.88,5.91,6.08,5.16,12541705.0,70075464.0,1534535179.8,20.45,1.1,-0.2348284960422164,-28.86397866839043
sh600493,凤竹纺织,4.6,-0.4,-8.0,4.6,4.61,5.0,4.56,4.83,4.5,25070171.0,114575242.0,1251200000.0,20.6,1.39,-0.2294807370184255,-32.00612009237875
sh603324,盛剑环境,20.37,0.52,2.62,20.35,20.37,19.85,18.3,20.77,18.3,2246476.0,43888815.0,2540210295.0,20.72,1.69,-0.1294871794871794,-104.39692307692307
sh600477,杭萧钢构,2.68,0.17,6.773,2.67,2.68,2.51,2.49,2.73,2.4,28074015.0,72253687.0,6349217887.360001,20.76,1.21,-0.06620209059233448,-59.18149253731343
sz300441,鲍斯股份,4.76,0.05,1.062,4.76,4.77,4.71,4.6,4.99,4.29,23768399.0,109313904.0,3104742691.68,20.84,1.76,-0.1863247863247863,-34.466153846153844
sh601228,广州港,3.02,0.1,3.425,3.02,3.03,2.92,2.89,3.04,2.87,39468811.0,116865298.0,22784484680.02,20.87,1.14,-0.009836065573770428,-187.8300000000001
sh603678,火炬电子,18.05,0.92,5.371,18.05,18.08,17.13,16.7,18.15,16.5,8973284.0,155561986.0,8283140559.700001,20.92,1.56,-0.05989583333333326,-131.85939393939393
sz300243,瑞丰高材,5.69,-0.02,-0.35,5.68,5.7,5.71,5.53,5.97,5.12,14143374.0,76975449.0,1424893037.6100001,20.97,1.5,-0.22054794520547938,-59.914285714285704
sz300930,屹通新材,13.5,-0.54,-3.846,13.5,13.51,14.04,12.5,14.19,12.09,3059689.0,39629721.0,1350000000.0,20.97,1.62,-0.22324510932105865,-342.5100000000003
sh603008,喜临门,13.79,0.56,4.233,13.79,13.8,13.23,12.99,13.98,12.52,9574275.0,126414016.0,5226298025.2,20.99,1.42,-0.08614976805831681,-36.66927710843373
sz300145,中金环境,2.25,0.09,4.167,2.25,2.26,2.16,2.11,2.34,2.02,58993838.0,126651509.0,4324725531.0,21.04,1.82,-0.12451361867704275,-18.35404255319149
sh603378,亚士创能,5.41,-0.3,-5.254,5.4,5.41,5.71,5.4,5.53,5.14,11861466.0,62200347.0,2326449586.5,21.04,1.31,-0.21137026239067058,-17.579473684210523
sz000886,海南高速,3.75,0.18,5.042,3.74,3.75,3.57,3.53,3.84,3.49,10166702.0,37359613.0,3708106125.0,21.07,1.23,-0.04822335025380709,5.2675
sz300248,新开普,5.88,0.2,3.521,5.87,5.88,5.68,5.5,6.11,5.25,14765312.0,82888037.0,2800928550.84,21.23,1.41,-0.15517241379310345,-69.87349514563105
sh603130,云中马,15.71,-0.65,-3.973,15.71,15.72,16.36,16.04,16.33,14.74,2220008.0,33960669.0,2199400000.0,21.27,1.68,-0.10433295324971485,-115.46571428571436
sh600054,黄山旅游,10.19,0.32,3.242,10.19,10.2,9.87,9.7,10.52,9.28,12245881.0,120920380.0,7432376493.599999,21.37,1.66,-0.06513761467889916,-5.3425
sh603153,上海建科,14.8,-1.32,-8.189,14.8,14.81,16.12,14.62,15.5,14.51,15951760.0,235202085.0,6065944368.8,21.38,1.85,-0.21150772509323382,-1689.0199999999986
sh601866,中远海发,2.3,0.08,3.604,2.3,2.31,2.22,2.21,2.33,2.18,74836180.0,168345838.0,31224658807.6,21.4,1.08,-0.021276595744680965,-51.25088985088984
sz300948,冠中生态,8.61,-0.2,-2.27,8.61,8.62,8.81,8.58,9.0,7.58,7090250.0,58231852.0,1205486100.0,21.43,1.38,-0.2571182053494392,-71.35046403712299
sh600616,金枫酒业,4.71,0.21,4.667,4.71,4.72,4.5,4.15,4.75,4.15,12881774.0,56952052.0,3151013314.5,21.44,1.57,-0.14981949458483756,-14.293333333333335
sh603155,新亚强,15.15,-0.04,-0.263,15.15,15.18,15.19,15.0,15.79,14.27,843670.0,12582677.0,3417264300.0,21.66,1.52,-0.15973377703826958,-384.4650000000007
sh600516,方大炭素,4.43,0.35,8.578,4.42,4.43,4.08,4.0,4.44,3.99,38985013.0,165774491.0,17835048730.239998,21.68,1.03,0.0022624434389139788,-89.81714285714287
sh603566,普莱柯,14.55,0.67,4.827,14.54,14.55,13.88,13.77,14.78,13.16,4947772.0,69356510.0,5035206072.150001,21.8,1.84,-0.05580791693705382,-70.85000000000001
sz000888,峨眉山Ａ,8.24,0.13,1.603,8.23,8.24,8.11,7.91,8.46,7.47,15786959.0,125485127.0,4341763960.4800005,21.89,1.72,-0.0954994511525795,-2.413458694953391
sz300617,安靠智电,22.78,1.05,4.832,22.78,22.79,21.73,21.5,23.2,20.53,1735100.0,37743806.0,3826963368.0800004,21.9,1.42,-0.07996768982229403,-66.18666666666665
sh600507,方大特钢,4.25,0.21,5.198,4.25,4.26,4.04,4.01,4.28,3.98,26185143.0,109180481.0,9907005947.75,22.06,1.1,0.0023584905660376855,-33.352619047619044
sz300905,宝丽迪,10.48,-0.18,-1.689,10.48,10.5,10.66,10.5,10.97,9.68,6872576.0,70033159.0,1847621442.88,22.11,1.04,-0.22370370370370368,-40.81846153846154
sh603682,锦和商管,4.45,-0.49,-9.919,0.0,4.45,4.94,4.5,4.57,4.45,26472100.0,118354671.0,2102625000.0,22.14,1.88,-0.145873320537428,-115.12799999999996
sh603657,春光科技,8.83,-0.7,-7.345,8.81,8.83,9.53,9.05,9.18,8.58,4704247.0,41106188.0,1215306012.5,22.24,1.24,-0.22271126760563376,-202.63111111111115
sz300642,透景生命,11.13,0.33,3.056,11.13,11.14,10.8,10.55,11.48,9.94,3867985.0,41204386.0,1826725062.3300002,22.25,1.22,-0.1587301587301587,-99.82159090909092
sz300725,药石科技,26.23,1.83,7.5,26.23,26.26,24.4,24.17,26.76,23.56,6466412.0,162991891.0,5237203349.82,22.28,1.95,-0.053410321183688214,-62.282727272727286
sh603601,再升科技,2.59,-0.13,-4.779,2.59,2.6,2.72,2.55,2.73,2.45,37293591.0,94344745.0,2646057467.8999996,22.39,1.21,-0.21987951807228917,-55.6609118236473
sz000723,美锦能源,5.16,0.47,10.021,5.16,0.0,4.69,4.58,5.16,4.58,56860140.0,283146901.0,22323343946.52,22.45,1.53,-0.03731343283582093,-189.2214285714287
sh603275,众辰科技,30.19,2.19,7.821,30.18,30.19,28.0,27.91,30.8,26.98,1806414.0,52802568.0,4491422181.690001,22.51,1.72,-0.0988059701492537,-94.86357142857146
sh600268,国电南自,5.31,0.23,4.528,5.31,5.32,5.08,5.03,5.43,4.85,21746599.0,111808918.0,4497022969.11,22.51,1.48,-0.12807881773399019,-55.524666666666675
sh600724,宁波富达,3.51,-0.08,-2.228,3.51,3.52,3.59,3.45,3.74,3.24,22213350.0,75943262.0,5072796159.21,22.61,1.8,-0.14180929095354525,-70.07695652173915
sh601121,宝地矿业,5.27,0.12,2.33,5.26,5.27,5.15,5.15,5.43,4.96,9226479.0,47637268.0,4215999999.9999995,22.62,1.39,-0.13606557377049183,-105.56000000000004
sz300884,狄耐克,8.03,0.31,4.016,8.02,8.03,7.72,7.75,8.26,7.04,13589126.0,103579865.0,2023559999.9999998,22.79,1.48,-0.1520591341077087,-103.82111111111114
sz300303,聚飞光电,3.93,0.3,8.264,3.93,3.94,3.63,3.57,4.02,3.53,45519868.0,171289116.0,5275215313.89,22.8,1.8,-0.0860465116279069,-68.40000000000002
sz300376,易事特,5.11,0.29,6.017,5.1,5.11,4.82,4.81,5.17,4.66,17584613.0,87240679.0,11897308832.36,22.89,1.71,-0.0623853211009174,-83.93
sz000927,中国铁物,2.51,0.19,8.19,2.5,2.51,2.32,2.29,2.54,2.27,56012889.0,135060934.0,15186387638.909998,22.91,1.7,-0.015686274509803935,-79.740625
sz300850,新强联,20.62,1.29,6.674,20.61,20.62,19.33,19.0,21.18,18.8,9507727.0,188432385.0,7397254080.820001,22.98,1.62,-0.08558758314855874,-55.42235294117648
sz300791,仙乐健康,28.09,1.12,4.153,28.09,28.19,26.97,26.42,29.18,25.86,1430848.0,39361378.0,5100085568.8,23.05,1.92,-0.024652777777777808,-273.8144372693726
sh600745,闻泰科技,32.43,2.23,7.384,32.42,32.43,30.2,30.19,32.49,29.75,21914516.0,689544475.0,40304303134.32,23.23,1.11,-0.030493273542600986,-52.70462365591398
sh603386,骏亚科技,8.99,-0.21,-2.283,8.98,8.99,9.2,8.42,9.48,8.28,11108703.0,96376033.0,2933639814.4,23.3,1.92,-0.15188679245283013,-68.39677419354838
sh600980,北矿科技,11.53,0.29,2.58,11.53,11.54,11.24,10.94,11.97,10.22,6863316.0,75480720.0,2182208454.7799997,23.5,1.71,-0.1540719002201028,-150.7750906892383
sz300319,麦捷科技,6.34,0.39,6.555,6.33,6.34,5.95,5.79,6.41,5.69,31092360.0,188614951.0,5512607049.2,23.53,1.34,-0.10451977401129946,-57.91207133917398
sh600927,永安期货,13.02,0.7,5.682,13.01,13.02,12.32,12.1,13.1,11.87,7239847.0,90766446.0,18951333339.12,23.63,1.54,-0.03769401330376939,-43.75925925925925
sz300694,蠡湖股份,7.55,-0.03,-0.396,7.54,7.55,7.58,7.3,7.9,6.8,7897600.0,57392846.0,1625643176.35,23.73,1.23,-0.20609884332281808,-6.889354838709677
sz300682,朗新集团,10.17,0.82,8.77,10.16,10.18,9.35,9.35,10.32,9.07,25182278.0,244616661.0,11153444166.36,23.74,1.5,-0.058333333333333404,-57.953529411764706
sh601515,东峰集团,3.24,0.13,4.18,3.23,3.24,3.11,3.04,3.31,2.9,18480809.0,58250116.0,5971201522.92,23.77,1.04,-0.1336898395721925,-33.87225000000001
sz300543,朗科智能,5.72,-0.05,-0.867,5.72,5.73,5.77,5.62,5.95,5.0,16720516.0,90766479.0,1533688567.84,23.79,1.49,-0.2423841059602649,-79.3
sz300577,开润股份,10.27,0.48,4.903,10.27,10.31,9.79,9.31,10.68,9.18,4457036.0,43804029.0,2462666551.2799997,23.91,1.37,-0.1222222222222222,-32.60454545454545
sz000800,一汽解放,7.85,0.46,6.225,7.84,7.85,7.39,7.3,7.91,7.27,20206560.0,154156856.0,36400438028.75,23.92,1.51,0.0,-26.210113325517785
sh600792,云煤能源,3.66,0.05,1.385,3.65,3.66,3.61,3.63,3.78,3.37,29365100.0,104352786.0,3623120376.0,24.0,1.06,-0.126491646778043,4.8
sz300185,通裕重工,2.18,0.18,9.0,2.17,2.18,2.0,1.98,2.2,1.96,53506086.0,112643913.0,8495309451.380001,24.0,1.25,0.004608294930875683,-95.99999999999999
sz000593,德龙汇能,4.36,-0.38,-8.017,4.36,4.37,4.74,4.42,4.59,4.27,17094047.0,74360261.0,1563631199.24,24.03,1.37,-0.24173913043478254,-564.7050000000021
sz300088,长信科技,4.37,0.43,10.914,4.37,4.38,3.94,3.93,4.45,3.92,85711517.0,358287733.0,10728009262.36,24.06,1.29,-0.05206073752711501,-98.91333333333336
sh603055,台华新材,8.5,0.43,5.328,8.49,8.5,8.07,8.1,8.77,7.78,12455009.0,103109357.0,7568914989.5,24.08,1.77,-0.08503767491926795,-55.18333333333332
sz000061,农 产 品,5.58,0.41,7.93,5.58,5.59,5.17,5.13,5.62,5.0,14928353.0,79384072.0,9469059850.98,24.15,1.59,-0.04452054794520544,-51.800340466926066
sz300566,激智科技,10.92,0.69,6.745,10.91,10.92,10.23,10.19,11.2,9.63,10362508.0,107264977.0,2880057726.0,24.23,1.68,-0.14352941176470588,-42.61137931034482
sh603823,百合花,6.33,-0.06,-0.939,6.32,6.33,6.39,6.33,6.6,5.86,7185174.0,44206978.0,2608975813.08,24.43,1.2,-0.16929133858267717,-75.5803125
sz300703,创源股份,6.83,-0.29,-4.073,6.83,6.84,7.12,6.9,7.23,6.34,9367180.0,62331792.0,1232076267.2,24.47,1.53,-0.2486248624862486,3.3986111111111112
sz300401,花园生物,8.49,0.51,6.391,8.48,8.49,7.98,7.66,8.72,7.58,11073117.0,91001911.0,4678067123.16,24.58,1.77,-0.07717391304347816,-115.13789473684207
sh600320,振华重工,3.08,0.15,5.119,3.07,3.08,2.93,2.9,3.1,2.85,42583101.0,127620488.0,16226528783.08,24.73,1.08,-0.012820512820512832,-197.84000000000012
sh600621,华鑫股份,12.69,0.49,4.016,12.69,12.7,12.2,11.67,13.04,11.3,76303457.0,930101471.0,13462812015.48,24.74,1.74,-0.09227467811158804,-83.0557142857143
sz000663,永安林业,5.33,-0.21,-3.791,5.32,5.33,5.54,5.2,5.67,4.99,22957100.0,118349570.0,1794525341.57,24.74,1.72,-0.20802377414561668,6.185
sz300421,力星股份,7.0,0.34,5.105,7.0,7.01,6.66,6.3,7.24,5.93,24026757.0,156501178.0,2058213388.0,24.75,1.58,-0.16864608076009502,-78.81923076923077
sh600523,贵航股份,8.69,-0.05,-0.572,8.69,8.7,8.74,8.45,8.99,7.89,18746447.0,157325663.0,3513465370.7999997,24.82,1.22,-0.18018867924528303,-117.89499999999998
sz300007,汉威科技,12.93,0.67,5.465,12.92,12.93,12.26,11.99,13.28,11.52,14883720.0,184201168.0,4233871853.67,24.85,1.49,-0.07576840600428882,-1080.974999999999
sz300306,远方信息,7.36,0.08,1.099,7.35,7.36,7.28,7.1,7.73,6.56,7733062.0,54443902.0,1979536606.0800002,25.03,1.33,-0.1938663745892662,-108.46333333333331
sz300955,嘉亨家化,11.86,-0.45,-3.656,11.86,11.89,12.31,12.31,12.65,10.5,3161517.0,36304929.0,1195488000.0,25.13,1.22,-0.2638112973308504,-76.1291176470588
sh600106,重庆路桥,4.45,0.11,2.535,4.44,4.45,4.34,4.25,4.63,4.0,37506184.0,160533421.0,5914161525.900001,25.21,1.24,-0.1325536062378167,-119.74749999999997
sh603045,福达合金,8.93,-0.99,-9.98,8.93,8.94,9.92,8.93,9.5,8.93,12764198.0,115249872.0,1209525234.1499999,25.28,1.3,-0.25953565505804316,-52.828557263262276
sh603289,泰瑞机器,6.65,0.14,2.151,6.65,6.66,6.51,6.5,6.88,5.9,6704904.0,43158259.0,1965523489.3000002,25.36,1.41,-0.13636363636363633,-77.665
sh601991,大唐发电,2.38,0.1,4.386,2.38,2.39,2.28,2.26,2.44,2.25,122988809.0,286949968.0,44045970999.52,25.4,1.49,-0.024590163934426253,-30.5917900973339
sz000531,穗恒运Ａ,5.13,0.07,1.383,5.12,5.13,5.06,4.96,5.29,4.78,15086193.0,75306468.0,5342388833.16,25.5,1.02,-0.15346534653465344,-18.79048697621744
sz300915,海融科技,23.02,-0.1,-0.433,22.89,23.02,23.12,22.5,23.96,21.01,713550.0,15957610.0,2071800000.0,25.61,1.4,-0.1139337952270978,-150.56269647058815
sh603861,白云电器,6.85,0.15,2.239,6.85,6.86,6.7,6.63,7.03,6.16,9925365.0,65020856.0,2986975777.2999997,25.62,1.09,-0.12404092071611261,-71.17904347826088
sh600764,中国海防,18.72,1.56,9.091,18.71,18.72,17.16,17.16,18.77,16.58,7476456.0,132761526.0,13302982105.92,25.62,1.72,-0.04049205535622771,-82.40617124394184
sh601579,会稽山,8.39,0.41,5.138,8.38,8.39,7.98,7.97,8.55,7.65,6083424.0,49204180.0,4022698001.51,25.75,1.1,-0.09002169197396963,-52.38793103448276
sz300320,海达股份,4.88,0.15,3.171,4.87,4.88,4.73,4.73,5.07,4.52,11339843.0,53951845.0,2934022852.08,25.87,1.37,-0.1557093425605537,-80.84375000000001
sz300680,隆盛科技,12.61,0.73,6.145,12.6,12.61,11.88,11.88,12.85,11.24,6208032.0,74872943.0,2913216145.58,26.0,1.73,-0.13094417643004827,-113.45454545454545
sh603677,奇精机械,8.96,-0.49,-5.185,8.96,8.97,9.45,9.0,9.4,8.51,5504104.0,48074441.0,1721640273.92,26.0,1.6,-0.2084805653710247,-92.89729729729729
sz000899,赣能股份,6.98,0.07,1.013,6.98,6.99,6.91,6.41,7.17,6.22,37133760.0,247091163.0,6810230764.8,26.05,1.34,-0.12858926342072402,-25.048076923076923
sz300817,双飞集团,9.22,-0.18,-1.915,9.21,9.22,9.4,9.14,9.7,8.22,6912800.0,61317669.0,1610167818.24,26.12,1.61,-0.25464834276475334,-66.75111111111111
sh603690,至纯科技,23.07,1.67,7.804,23.06,23.07,21.4,20.79,23.42,20.66,6146909.0,136558766.0,8921578953.9,26.2,1.91,-0.02699283002952343,-11672.09999999999
sh603121,华培动力,5.91,-0.06,-1.005,5.91,5.92,5.97,5.6,6.23,5.37,17351992.0,98995823.0,2000734255.65,26.22,1.65,-0.18818681318681318,-23.83636363636364
sz300823,建科机械,12.29,-0.64,-4.95,12.29,12.3,12.93,11.91,13.13,10.69,7660600.0,89133059.0,1149841228.3899999,26.3,1.2,-0.26008428657435284,-43.238983050847466
sz300843,胜蓝股份,12.43,-0.33,-2.586,12.43,12.45,12.76,12.74,12.94,11.19,4907843.0,58912924.0,1859514177.84,26.39,1.73,-0.2221526908635795,-61.57666666666668
sz300826,测绘股份,9.99,0.06,0.604,9.98,9.99,9.93,9.64,10.38,8.64,9050730.0,84412662.0,1577153867.4,26.44,1.5,-0.23914699162223918,-211.5199999999998
sz300992,泰福泵业,12.06,-0.53,-4.21,12.05,12.06,12.59,12.3,12.86,10.63,5421947.0,63093243.0,1095049435.14,26.56,1.43,-0.2537128712871287,-249.0000000000001
sz300756,金马游乐,9.52,-0.19,-1.957,9.52,9.55,9.71,9.41,9.93,8.54,6030620.0,54875844.0,1500334635.52,26.63,1.04,-0.2145214521452145,-17.753333333333334
sz000576,甘化科工,5.49,-0.16,-2.832,5.49,5.5,5.65,5.18,5.65,5.09,10582446.0,55656534.0,2430048219.6600003,26.64,1.34,-0.18786982248520703,8.88
sz300804,广康生化,18.7,-0.01,-0.053,18.7,18.73,18.71,18.17,19.5,16.99,1484687.0,26676150.0,1383800000.0,26.75,1.04,-0.24107142857142863,-1183.6874999999989
sh600488,津药药业,3.37,0.05,1.506,3.36,3.37,3.32,3.26,3.49,3.1,20763443.0,68067257.0,3686553131.6,26.78,1.18,-0.14467005076142128,-92.70000000000002
sz300696,爱乐达,10.5,0.47,4.686,10.49,10.5,10.03,9.7,10.69,9.35,7832381.0,78228397.0,3078106321.5,26.99,1.61,-0.15458937198067632,-83.28342857142856
sz300100,双林股份,6.13,0.24,4.075,6.12,6.13,5.89,5.9,6.35,5.37,15794000.0,91809315.0,2456715477.98,27.04,1.11,-0.16711956521739135,-66.56
sz300283,温州宏丰,3.72,-0.02,-0.535,3.72,3.73,3.74,3.63,3.91,3.36,21728750.0,77188649.0,1626139038.0,27.11,1.87,-0.21353065539112054,-54.22
sh603590,康辰药业,25.76,0.73,2.917,25.75,25.76,25.03,24.5,26.46,23.19,3200118.0,79405707.0,4121600000.0000005,27.35,1.32,-0.09550561797752805,-88.65172413793105
sz300792,壹网壹创,16.9,1.37,8.822,16.9,16.91,15.53,15.31,17.4,14.99,4473435.0,72248566.0,4030629246.7999997,27.46,1.43,-0.06006674082313692,-57.705797101449285
sh600918,中泰证券,6.49,0.32,5.186,6.48,6.49,6.17,6.13,6.52,6.07,39623474.0,250748840.0,45226381156.44,27.65,1.22,-0.006125574272588061,-33.47105263157894
sh600917,重庆燃气,5.48,0.22,4.183,5.47,5.48,5.26,5.2,5.61,5.12,6259344.0,33527312.0,8610943200.0,27.76,1.7,-0.07744107744107744,-268.3466666666669
sz000957,中通客车,6.2,0.18,2.99,6.19,6.2,6.02,5.68,6.38,5.5,17888363.0,105847030.0,3676004403.2000003,27.8,1.34,-0.14482758620689654,-19.202275694833055
sh603969,银龙股份,4.24,0.14,3.415,4.24,4.25,4.1,3.81,4.29,3.72,21313746.0,85970663.0,3624199360.0,27.83,1.66,-0.2074766355140186,-83.49
sh600201,生物股份,7.71,0.5,6.935,7.71,7.72,7.21,7.1,7.76,6.94,29031191.0,214600394.0,8638046732.46,27.96,1.62,-0.053987730061349735,-63.376
sh603351,威尔药业,18.98,-0.63,-3.213,18.98,18.99,19.61,19.75,20.62,17.65,1032952.0,19242804.0,2570634725.36,28.03,1.66,-0.12129629629629633,-532.5699999999996
sz000541,佛山照明,4.67,0.16,3.548,4.67,4.68,4.51,4.59,4.79,4.31,22390159.0,101779720.0,7232794334.099999,28.13,1.39,-0.11216730038022811,-121.78699805068229
sz000099,中信海直,8.18,0.12,1.489,8.18,8.19,8.06,7.72,8.31,7.25,68966787.0,521758187.0,6345799720.66,28.19,1.25,-0.10990206746463546,-86.91916666666667
sz300945,曼卡龙,7.87,-0.09,-1.131,7.87,7.88,7.96,7.92,8.3,7.13,9573800.0,72714458.0,2061554598.23,28.24,1.34,-0.20344129554655876,-112.96000000000004
sh603238,诺邦股份,9.3,-0.51,-5.199,9.3,9.31,9.81,9.03,9.68,8.83,6618350.0,59639124.0,1650833700.0000002,28.3,1.24,-0.205128205128205,-45.77941176470588
sh603517,绝味食品,19.93,1.38,7.439,19.92,19.93,18.55,18.28,20.06,17.72,15566908.0,295846403.0,12355110192.64,28.55,1.72,-0.00598503740648384,-37.44262295081967
sh601999,出版传媒,5.08,-0.27,-5.047,5.07,5.08,5.35,4.84,5.28,4.82,28659822.0,141663721.0,2798646676.0,28.56,1.13,-0.2337858220211161,-95.2
sz300851,交大思诺,17.82,-1.19,-6.26,17.82,17.83,19.01,18.0,19.0,16.34,3144468.0,54858119.0,1549153188.0,29.01,1.24,-0.2840498192044998,-47.35455882352941
sh603917,合力科技,10.65,-0.43,-3.881,10.63,10.65,11.08,10.11,11.23,9.97,5066609.0,52169305.0,1669920000.0,29.24,1.52,-0.19984973703981967,-357.00401179941014
sh600735,新华锦,4.24,-0.14,-3.196,4.23,4.24,4.38,4.14,4.48,3.94,20720707.0,84677795.0,1818019648.5600002,29.46,1.35,-0.1861804222648752,-102.7878727634195
sh603977,国泰集团,8.6,0.55,6.832,8.57,8.6,8.05,7.85,8.86,7.46,17724127.0,144663744.0,5342679720.8,29.66,1.76,-0.08315565031982954,-67.12526315789474
sh603172,万丰股份,11.99,1.09,10.0,11.99,0.0,10.9,10.41,11.99,9.81,4773761.0,51687009.0,1599226200.0,29.71,1.56,-0.08959757023538342,-318.3214285714288
sh600300,维维股份,2.47,0.04,1.646,2.47,2.48,2.43,2.4,2.56,2.29,40358923.0,97412887.0,3994341184.6000004,30.06,1.26,-0.12099644128113873,-52.60499999999999
sz300419,浩丰科技,3.33,-0.06,-1.77,3.33,3.34,3.39,3.31,3.53,2.99,28785780.0,92562033.0,1224620054.1000001,30.06,1.96,-0.2583518930957684,-11.690000000000001
sz300084,海默科技,4.71,0.05,1.073,4.71,4.72,4.66,4.48,4.84,4.16,16372046.0,73135418.0,1854777925.98,30.09,1.78,-0.21105527638190952,-28.56894861439911
sh600336,澳柯玛,3.98,0.11,2.842,3.98,3.99,3.87,3.58,4.1,3.58,16375010.0,62920482.0,3176098780.62,30.1,1.25,-0.13289760348583876,-138.45999999999998
sh601696,中银证券,10.19,0.38,3.874,10.19,10.2,9.81,9.13,10.39,9.13,125906962.0,1221034695.0,28307820000.0,30.26,1.65,-0.014506769825918796,-176.51666666666668
sz000505,京粮控股,5.59,0.18,3.327,5.58,5.59,5.41,5.26,5.75,5.08,7901101.0,42707033.0,4063651903.0899997,30.59,1.29,-0.09253246753246758,-95.16888888888886
sz000021,深科技,11.4,0.93,8.883,11.4,11.41,10.47,10.28,11.49,10.28,40774496.0,447890222.0,17790698503.2,30.82,1.64,-0.040404040404040435,-185.39584323040393
sh600558,大西洋,3.18,0.04,1.274,3.17,3.18,3.14,3.11,3.29,2.9,26854071.0,81643525.0,2854383362.58,30.92,1.28,-0.0991501416430594,-266.53040000000016
sz300512,中亚股份,5.0,0.01,0.2,4.99,5.0,4.99,4.88,5.2,4.5,6186857.0,29694042.0,2054783125.0,30.99,1.25,-0.2,-102.267
sz300870,欧陆通,28.71,1.22,4.438,28.7,28.71,27.49,27.2,29.25,26.35,3730220.0,103769850.0,2905452000.0,31.5,1.71,-0.20027855153203336,-144.37499999999994
sh603630,拉芳家化,10.15,-0.09,-0.879,10.14,10.15,10.24,10.24,10.51,9.23,6097599.0,59646969.0,2285826487.0,31.59,1.15,-0.16939443535188217,-195.85800000000003
sh603258,电魂网络,15.03,-0.48,-3.095,15.01,15.03,15.51,14.2,15.54,13.96,9909775.0,144539868.0,3678864543.0,31.61,1.58,-0.17598684210526314,-76.845
sz300172,中电环保,4.28,0.26,6.468,4.28,4.29,4.02,4.0,4.42,3.82,34153991.0,141788605.0,2896318800.0,31.67,1.57,-0.1721470019342359,-101.34400000000001
sh600973,宝胜股份,3.47,0.1,2.967,3.46,3.47,3.37,3.35,3.55,3.16,20188330.0,67583141.0,4758640880.56,31.72,1.27,-0.1368159203980098,-29.119999999999994
sh601456,国联证券,10.13,0.59,6.184,10.13,10.14,9.54,9.35,10.15,9.29,56215004.0,552508853.0,28685862191.840004,31.76,1.6,-0.007835455435847214,-127.04000000000005
sz300909,汇创达,16.23,0.43,2.722,16.23,16.25,15.8,15.8,16.75,14.25,4447450.0,68382185.0,2807351449.17,31.83,1.51,-0.20049261083743844,-239.94923076923075
sz300240,飞力达,4.27,-0.09,-2.064,4.27,4.28,4.36,4.15,4.53,3.88,9759016.0,40413429.0,1583188753.9999998,32.52,1.06,-0.22363636363636372,-75.38727272727273
sz300099,尤洛卡,3.98,0.15,3.916,3.98,3.99,3.83,3.79,4.09,3.52,15761713.0,59800529.0,2934315714.9,32.54,1.29,-0.19919517102615691,-75.34465040650406
sh600965,福成股份,4.25,-0.14,-3.189,4.24,4.25,4.39,4.28,4.41,3.97,13553204.0,56127874.0,3479479058.75,32.55,1.57,-0.17635658914728686,-113.83199999999995
sh603739,蔚蓝生物,9.08,-0.05,-0.548,9.08,9.09,9.13,9.02,9.35,8.43,6307160.0,55548139.0,2297502103.28,32.56,1.36,-0.16467341306347738,-67.6246153846154
sz300984,金沃股份,15.66,-0.76,-4.629,15.65,15.68,16.42,15.91,16.81,14.4,1912200.0,29526157.0,1202693668.92,32.59,1.82,-0.24347826086956517,-96.68366666666667
sz300790,宇瞳光学,8.85,0.34,3.995,8.85,8.86,8.51,8.35,9.17,7.86,9468210.0,79752694.0,2969588436.6,32.75,1.6,-0.18433179723502305,-77.02035330261137
sh601568,北元集团,4.45,0.34,8.273,4.43,4.45,4.11,4.06,4.46,4.03,16656037.0,71301198.0,17676388896.8,32.84,1.35,0.002252252252252204,-111.65599999999999
sh600059,古越龙山,7.84,0.44,5.946,7.83,7.84,7.4,7.31,7.89,7.19,17131283.0,129541064.0,7146492517.92,32.96,1.29,-0.04969696969696971,-758.0799999999995
sh603122,合富中国,5.6,-0.43,-7.131,5.6,5.61,6.03,5.45,5.89,5.43,22624000.0,125238504.0,2229094744.7999997,33.09,1.91,-0.28480204342273313,-178.68599999999998
sz000869,张 裕Ａ,21.17,1.14,5.691,21.17,21.19,20.03,19.8,21.46,19.79,5189322.0,107202726.0,14654923164.03,33.1,1.37,-0.011671335200746964,-241.63000000000008
sh603489,八方股份,32.19,1.01,3.239,32.19,32.2,31.18,30.99,32.8,29.1,2647946.0,82892537.0,5411738925.03,33.11,1.98,-0.0911914172783739,-216.71999999999986
sz300021,大禹节水,3.46,0.08,2.367,3.46,3.47,3.38,3.31,3.6,3.16,18382750.0,61697089.0,2967980934.68,33.18,1.63,-0.14987714987714995,-101.50225806451614
sh603901,永创智能,8.41,-0.27,-3.111,8.41,8.42,8.68,7.81,8.68,7.81,16707600.0,134916447.0,4103259074.67,33.27,1.64,0.003579952267303026,-1929.6599999999983
sh603976,正川股份,12.6,-0.21,-1.639,12.59,12.6,12.81,12.7,13.0,11.53,2518900.0,30256627.0,1905145691.3999999,33.34,1.61,-0.1844660194174757,-84.5407142857143
sz000751,锌业股份,2.46,0.07,2.929,2.46,2.47,2.39,2.36,2.53,2.26,26253718.0,62308887.0,3974451263.7,33.58,1.12,-0.12455516014234878,-48.843636363636364
sz300986,志特新材,6.87,-0.26,-3.647,6.87,6.88,7.13,6.95,7.18,6.21,9006420.0,60243803.0,1692570329.49,33.7,1.22,-0.29248197734294545,-3673.2999999999975
sh600429,三元股份,3.69,0.1,2.786,3.69,3.7,3.59,3.57,3.78,3.41,12074979.0,43317435.0,5595905021.94,34.08,1.08,-0.06818181818181819,-38.75382857142857
sz300140,节能环境,6.28,0.34,5.724,6.27,6.29,5.94,5.88,6.53,5.55,12459700.0,75350952.0,19560143840.08,34.32,1.93,-0.13736263736263735,-95.63909228441756
sh600636,国新文化,8.71,-0.97,-10.021,8.71,8.72,9.68,8.8,9.49,8.71,44531509.0,394019001.0,3820526545.4200006,34.82,1.42,-0.19871205151793914,-26.51593827062286
sz300871,回盛生物,8.68,-0.03,-0.344,8.68,8.69,8.71,8.69,8.98,7.87,5783893.0,47942880.0,1439900843.9199998,34.97,1.04,-0.21305530371713507,-58.03716770186335
sh603192,汇得科技,11.81,-1.01,-7.878,11.81,11.82,12.82,11.99,12.5,11.54,3565880.0,41996279.0,1637653337.27,35.03,1.15,-0.23011734028683178,-64.22166666666666
sz300610,晨化股份,7.01,0.07,1.009,7.01,7.02,6.94,6.7,7.33,6.15,5063724.0,33859219.0,1492137243.8,35.28,1.37,-0.19610091743119273,-151.49647058823535
sh603166,福达股份,4.39,-0.19,-4.148,4.39,4.4,4.58,4.43,4.63,4.12,15200195.0,65247193.0,2836855977.89,36.54,1.21,-0.210431654676259,-51.76499999999999
sz300876,蒙泰高新,13.36,-0.37,-2.695,13.3,13.36,13.73,13.73,14.15,11.83,2373888.0,30178631.0,1282588122.8,36.63,1.53,-0.28556149732620323,-129.53503925417078
sh600667,太极实业,5.2,0.37,7.66,5.19,5.2,4.83,4.75,5.27,4.7,56242207.0,281482030.0,10952188925.6,36.79,1.41,-0.063063063063063,-20.281666666666666
sz300906,日月明,15.07,-0.35,-2.27,15.07,15.1,15.42,14.87,15.64,13.02,2955326.0,42299381.0,1205600000.0,37.07,1.43,-0.24687656171914046,-149.841772655008
sh603223,恒通股份,7.78,0.08,1.039,7.77,7.78,7.7,7.6,7.94,7.2,5967889.0,44394055.0,5556375217.88,37.63,1.48,-0.11691259931895576,-470.3750000000003
sz300980,祥源新材,13.25,0.37,2.873,13.25,13.33,12.88,12.09,13.65,11.35,4130467.0,51519802.0,1435434695.5,37.76,1.48,-0.21551213735938426,-98.40484848484849
sz300785,值得买,14.05,0.54,3.997,14.04,14.05,13.51,12.8,14.42,12.6,6389616.0,86810081.0,2793916164.15,38.45,1.55,-0.1273291925465839,-73.10915492957747
sz300213,佳讯飞鸿,4.8,0.23,5.033,4.79,4.8,4.57,4.46,5.02,4.26,22681600.0,104935332.0,2849849107.2,38.54,1.28,-0.12248628884826325,-85.64444444444445
sh600838,上海九百,6.21,-0.25,-3.87,6.21,6.22,6.46,6.27,6.45,5.81,30684853.0,183741380.0,2489477102.0099998,39.02,1.69,-0.06896551724137931,-79.40694267515924
sh603798,康普顿,6.73,-0.72,-9.664,6.72,6.73,7.45,6.98,7.24,6.71,15385560.0,104984289.0,1725906144.5,39.05,1.53,-0.24720357941834442,-62.71666666666666
sz300933,中辰股份,5.67,0.23,4.228,5.67,5.68,5.44,5.42,5.75,4.88,11701180.0,61835381.0,2599744215.6,39.2,1.76,-0.12500000000000006,-705.6000000000013
sh600834,申通地铁,6.4,0.0,0.0,6.4,6.41,6.4,6.21,6.64,5.8,9030400.0,55577207.0,3055244192.0,39.38,1.83,-0.17631917631917624,-3731.2549999999587
sz300305,裕兴股份,5.44,-0.03,-0.548,5.43,5.44,5.47,5.43,5.65,4.92,6347870.0,33241495.0,2042102298.88,39.69,1.06,-0.21387283236994215,-94.35167088607595
sz300965,恒宇信通,25.07,-0.35,-1.377,25.07,25.08,25.42,24.9,26.0,22.35,1271869.0,30377675.0,1504200000.0,39.74,1.09,-0.2551990493166963,-73.24520317751299
sh600386,北巴传媒,2.85,-0.25,-8.065,2.84,2.85,3.1,2.88,3.02,2.79,39663638.0,112527752.0,2298240000.0,39.91,1.29,-0.24403183023872677,-113.07833333333332
